Option=2	Option=4	Option=7	Option=12	Option=27	Option=None	sampling_probability
0.000000	0.000000	0.000000	0.000000	0.000000	1.000000	1
